[
{
  "model": "auth.group",
  "pk": 1,
  "fields": {
    "name": "Adoptantes",
    "permissions": [
      29,
      30,
      31,
      32
    ]
  }
},
{
  "model": "auth.group",
  "pk": 2,
  "fields": {
    "name": "Adopciones",
    "permissions": [
      37,
      38,
      39,
      40
    ]
  }
},
{
  "model": "auth.group",
  "pk": 3,
  "fields": {
    "name": "Refugios",
    "permissions": [
      33,
      34,
      36
    ]
  }
},
{
  "model": "auth.group",
  "pk": 4,
  "fields": {
    "name": "Grupos",
    "permissions": [
      9,
      10,
      11,
      12
    ]
  }
},
{
  "model": "auth.group",
  "pk": 5,
  "fields": {
    "name": "Permisos",
    "permissions": [
      9,
      10,
      11,
      12,
      5,
      6,
      7,
      8,
      13,
      14,
      15,
      16
    ]
  }
},
{
  "model": "auth.group",
  "pk": 6,
  "fields": {
    "name": "Administracion",
    "permissions": []
  }
},
{
  "model": "auth.group",
  "pk": 7,
  "fields": {
    "name": "Animales",
    "permissions": [
      25,
      26,
      27,
      28
    ]
  }
},
{
  "model": "auth.group",
  "pk": 8,
  "fields": {
    "name": "Users",
    "permissions": [
      13,
      14,
      15,
      16
    ]
  }
},
{
  "model": "auth.user",
  "pk": 2,
  "fields": {
    "password": "pbkdf2_sha256$1000000$pxmCh6Jo0twf9MS38m19lN$pmRP07pk5N2B2AXkqh2bHEHQ0oxOHaT9ep8RxOPjbWI=",
    "last_login": "2025-11-30T06:04:53.913Z",
    "is_superuser": true,
    "username": "Tamy",
    "first_name": "",
    "last_name": "",
    "email": "",
    "is_staff": true,
    "is_active": true,
    "date_joined": "2025-11-18T12:47:01Z",
    "groups": [],
    "user_permissions": [
      30
    ]
  }
},
{
  "model": "auth.user",
  "pk": 13,
  "fields": {
    "password": "pbkdf2_sha256$1000000$UCvGZrGltyYEMeeCYcWyp3$112bPYDaXNGLxvdtgJYDFAzgPBobHdaaQy7jAl+X1/w=",
    "last_login": "2025-11-30T17:41:23.670Z",
    "is_superuser": false,
    "username": "34978099",
    "first_name": "Guille",
    "last_name": "Carc",
    "email": "guille@guille.com",
    "is_staff": false,
    "is_active": true,
    "date_joined": "2025-11-25T19:03:36Z",
    "groups": [
      1,
      2,
      3,
      7,
      8
    ],
    "user_permissions": []
  }
},
{
  "model": "auth.user",
  "pk": 14,
  "fields": {
    "password": "pbkdf2_sha256$1000000$Iodq4KnuJjT8FJCYRkweSi$lp5GJiLsjr1BIrW42Gqjkmf6vamcp1TQ4E+c64tUqmw=",
    "last_login": "2025-11-30T06:18:20.518Z",
    "is_superuser": true,
    "username": "35631306",
    "first_name": "Tamara",
    "last_name": "Alvarez",
    "email": "tamy@gmail.com",
    "is_staff": true,
    "is_active": true,
    "date_joined": "2025-11-25T19:19:13Z",
    "groups": [],
    "user_permissions": []
  }
},
{
  "model": "auth.user",
  "pk": 15,
  "fields": {
    "password": "pbkdf2_sha256$1000000$K3vsyX32C7IbnJmiBY4bAs$vyx1m+0OGZKVMkzFOLuYegbU1IxivqC5iYxGKjJRmu4=",
    "last_login": "2025-11-25T20:25:10.867Z",
    "is_superuser": false,
    "username": "11222333",
    "first_name": "Dean",
    "last_name": "Winchester",
    "email": "dean@winchester.com",
    "is_staff": false,
    "is_active": true,
    "date_joined": "2025-11-25T20:24:40.740Z",
    "groups": [],
    "user_permissions": []
  }
},
{
  "model": "auth.user",
  "pk": 16,
  "fields": {
    "password": "pbkdf2_sha256$1000000$vrXjDyH8KYpVpT4J3bLr60$kjEfJdxEHFseQumtaXzBkZma15tkkExcT994TDIKdI4=",
    "last_login": "2025-11-25T21:12:37.283Z",
    "is_superuser": false,
    "username": "22333444",
    "first_name": "Sheldon",
    "last_name": "Cooper",
    "email": "sheldon@tbbt.com",
    "is_staff": false,
    "is_active": true,
    "date_joined": "2025-11-25T21:11:57.025Z",
    "groups": [],
    "user_permissions": []
  }
},
{
  "model": "auth.user",
  "pk": 17,
  "fields": {
    "password": "pbkdf2_sha256$1000000$ErIblSB9Zfe6wGazJvB8Lx$+GJWiwLzH9rKcHNCX89sJ+1hNhLroqbj0TSI3CtrV6c=",
    "last_login": "2025-11-25T21:15:58.812Z",
    "is_superuser": false,
    "username": "33444555",
    "first_name": "Yamil",
    "last_name": "Oyarzun",
    "email": "pelita@pelon.com",
    "is_staff": false,
    "is_active": true,
    "date_joined": "2025-11-25T21:15:36.051Z",
    "groups": [],
    "user_permissions": []
  }
},
{
  "model": "auth.user",
  "pk": 18,
  "fields": {
    "password": "pbkdf2_sha256$1000000$54UVDpZPy4CRGRxgE2003Z$3v81GN5J4IPFY/3GSk9Jll6wbpWB4h7r8x5OXXsVX0k=",
    "last_login": "2025-11-30T05:44:38.354Z",
    "is_superuser": false,
    "username": "44555666",
    "first_name": "Jon",
    "last_name": "Snow",
    "email": "jonsnow@winter.com",
    "is_staff": false,
    "is_active": true,
    "date_joined": "2025-11-30T05:44:21.340Z",
    "groups": [],
    "user_permissions": []
  }
},
{
  "model": "auth.user",
  "pk": 19,
  "fields": {
    "password": "pbkdf2_sha256$1000000$cuo63qkFP2l8uYEbb3YeTH$XzB3W+znTOeNJdIM8QGpdMQcp6BM8WngaqnJxcY/yes=",
    "last_login": "2025-11-30T05:52:52.510Z",
    "is_superuser": false,
    "username": "55666777",
    "first_name": "Walter",
    "last_name": "White",
    "email": "heisenberg@meta.com",
    "is_staff": false,
    "is_active": true,
    "date_joined": "2025-11-30T05:52:33.149Z",
    "groups": [],
    "user_permissions": []
  }
},
{
  "model": "auth.user",
  "pk": 20,
  "fields": {
    "password": "pbkdf2_sha256$1000000$EaakKADzhelrYJtK5p910v$fSuPi16iFdfTwMFV7GECOJg00kzlQGmJPhWuxcExqLI=",
    "last_login": null,
    "is_superuser": true,
    "username": "arya",
    "first_name": "",
    "last_name": "",
    "email": "arya@hotmail.com",
    "is_staff": true,
    "is_active": true,
    "date_joined": "2025-11-30T21:44:09.062Z",
    "groups": [],
    "user_permissions": []
  }
},
{
  "model": "animales.animal",
  "pk": 2,
  "fields": {
    "nombre": "Luna",
    "especie": "F",
    "sexo": "H",
    "descripcion": "La negrita peluda mas hermosa del universo",
    "fecha_nacimiento": "2018-03-20",
    "refugio": 1,
    "adoptado": false,
    "creado": "2025-11-10T23:59:59.078Z",
    "modificado": "2025-11-25T21:06:02.058Z",
    "foto": "animales/IMG_20220105_162539243.jpg"
  }
},
{
  "model": "animales.animal",
  "pk": 3,
  "fields": {
    "nombre": "Jacinto",
    "especie": "F",
    "sexo": "M",
    "descripcion": "Gato negro con blanco",
    "fecha_nacimiento": "2020-02-22",
    "refugio": 1,
    "adoptado": false,
    "creado": "2025-11-17T23:06:49.118Z",
    "modificado": "2025-11-25T21:06:24.696Z",
    "foto": "animales/jaci.jpg"
  }
},
{
  "model": "animales.animal",
  "pk": 4,
  "fields": {
    "nombre": "Akira",
    "especie": "F",
    "sexo": "H",
    "descripcion": "Gatita Tricolor, super limpia, no esta en adopci칩n. Le gusta posar como esfinge :B",
    "fecha_nacimiento": "2017-07-15",
    "refugio": 2,
    "adoptado": false,
    "creado": "2025-11-17T23:12:29.210Z",
    "modificado": "2025-11-25T21:04:54.839Z",
    "foto": "animales/IMG_20220204_110024262_HDR.jpg"
  }
},
{
  "model": "animales.animal",
  "pk": 5,
  "fields": {
    "nombre": "Arya bebe",
    "especie": "F",
    "sexo": "H",
    "descripcion": "Arya bebe2",
    "fecha_nacimiento": "2011-11-11",
    "refugio": 2,
    "adoptado": true,
    "creado": "2025-11-17T23:24:06.462Z",
    "modificado": "2025-11-25T21:05:45.947Z",
    "foto": "animales/IMG_20220106_023541264.jpg"
  }
},
{
  "model": "animales.animal",
  "pk": 7,
  "fields": {
    "nombre": "Chester",
    "especie": "F",
    "sexo": "M",
    "descripcion": "Gato Rubio gordito precioso",
    "fecha_nacimiento": "2017-06-17",
    "refugio": 2,
    "adoptado": false,
    "creado": "2025-11-17T23:38:29.665Z",
    "modificado": "2025-11-25T21:06:40.786Z",
    "foto": "animales/IMG_20220519_012151648.jpg"
  }
},
{
  "model": "animales.animal",
  "pk": 8,
  "fields": {
    "nombre": "Mylo / Antonio",
    "especie": "F",
    "sexo": "M",
    "descripcion": "Gatito negrito muy mimoso",
    "fecha_nacimiento": "2021-03-02",
    "refugio": 1,
    "adoptado": true,
    "creado": "2025-11-17T23:39:11.982Z",
    "modificado": "2025-11-25T21:06:34.007Z",
    "foto": "animales/IMG_20220323_013608117.jpg"
  }
},
{
  "model": "animales.animal",
  "pk": 9,
  "fields": {
    "nombre": "Mike",
    "especie": "C",
    "sexo": "M",
    "descripcion": "Perro mestizo bla",
    "fecha_nacimiento": "2020-01-21",
    "refugio": 2,
    "adoptado": true,
    "creado": "2025-11-18T10:49:09.439Z",
    "modificado": "2025-11-18T10:49:09.439Z",
    "foto": "animales/perro1.png"
  }
},
{
  "model": "animales.animal",
  "pk": 10,
  "fields": {
    "nombre": "Patrokio",
    "especie": "C",
    "sexo": "H",
    "descripcion": "Perro lindo rubio",
    "fecha_nacimiento": "2023-02-20",
    "refugio": 2,
    "adoptado": false,
    "creado": "2025-11-18T10:50:01.537Z",
    "modificado": "2025-11-25T21:06:50.266Z",
    "foto": "animales/perro2.png"
  }
},
{
  "model": "animales.animal",
  "pk": 12,
  "fields": {
    "nombre": "Toby",
    "especie": "C",
    "sexo": "M",
    "descripcion": "Perro blanco y negro, pelo largo, no se la raza.",
    "fecha_nacimiento": "2023-05-22",
    "refugio": 4,
    "adoptado": false,
    "creado": "2025-11-20T11:05:24.594Z",
    "modificado": "2025-11-25T21:06:11.468Z",
    "foto": "animales/perro3_xPg0gr1.png"
  }
},
{
  "model": "animales.animal",
  "pk": 13,
  "fields": {
    "nombre": "Chad",
    "especie": "C",
    "sexo": "M",
    "descripcion": "Perronasio",
    "fecha_nacimiento": "2020-11-20",
    "refugio": 2,
    "adoptado": true,
    "creado": "2025-11-20T11:23:54.890Z",
    "modificado": "2025-11-20T11:23:54.890Z",
    "foto": "animales/perro1_NwD5JXk.png"
  }
},
{
  "model": "animales.animal",
  "pk": 14,
  "fields": {
    "nombre": "Anivia",
    "especie": "A",
    "sexo": "H",
    "descripcion": "Canario amarillo",
    "fecha_nacimiento": "2025-03-03",
    "refugio": 5,
    "adoptado": true,
    "creado": "2025-11-22T23:33:46.969Z",
    "modificado": "2025-11-25T21:05:31.644Z",
    "foto": "animales/canario.jpeg"
  }
},
{
  "model": "animales.animal",
  "pk": 15,
  "fields": {
    "nombre": "Alfa",
    "especie": "R",
    "sexo": "H",
    "descripcion": "Alfa",
    "fecha_nacimiento": "2025-10-01",
    "refugio": 5,
    "adoptado": true,
    "creado": "2025-11-25T15:07:41.464Z",
    "modificado": "2025-11-25T15:07:41.464Z",
    "foto": "animales/hamster1.jpg"
  }
},
{
  "model": "animales.animal",
  "pk": 16,
  "fields": {
    "nombre": "Gordencia",
    "especie": "F",
    "sexo": "H",
    "descripcion": "Gordita 3 a침os blanca y negra.",
    "fecha_nacimiento": "2022-10-10",
    "refugio": 5,
    "adoptado": false,
    "creado": "2025-11-25T20:59:47.802Z",
    "modificado": "2025-11-25T20:59:47.802Z",
    "foto": "animales/gordencia.jpg"
  }
},
{
  "model": "animales.animal",
  "pk": 17,
  "fields": {
    "nombre": "Naranjoso",
    "especie": "F",
    "sexo": "M",
    "descripcion": "Gato naranjoso bebe 4 meses",
    "fecha_nacimiento": "2025-07-26",
    "refugio": 5,
    "adoptado": false,
    "creado": "2025-11-25T21:00:37.248Z",
    "modificado": "2025-11-25T21:00:37.248Z",
    "foto": "animales/naranjoso.jpg"
  }
},
{
  "model": "animales.animal",
  "pk": 18,
  "fields": {
    "nombre": "Naranjosa",
    "especie": "F",
    "sexo": "H",
    "descripcion": "Gata naranja 3 a침os",
    "fecha_nacimiento": "2022-03-03",
    "refugio": 2,
    "adoptado": false,
    "creado": "2025-11-25T21:01:40.599Z",
    "modificado": "2025-11-25T21:01:40.599Z",
    "foto": "animales/naranjosa.jpg"
  }
},
{
  "model": "animales.animal",
  "pk": 19,
  "fields": {
    "nombre": "Emma",
    "especie": "C",
    "sexo": "H",
    "descripcion": "Perra cachorra mediana, va a crecer.",
    "fecha_nacimiento": "2025-08-25",
    "refugio": 4,
    "adoptado": false,
    "creado": "2025-11-25T21:03:11.754Z",
    "modificado": "2025-11-25T21:03:11.754Z",
    "foto": "animales/perrita.jpg"
  }
},
{
  "model": "animales.animal",
  "pk": 20,
  "fields": {
    "nombre": "Janna",
    "especie": "C",
    "sexo": "H",
    "descripcion": "Perra adulta mediana rubia.",
    "fecha_nacimiento": "2023-02-23",
    "refugio": 2,
    "adoptado": false,
    "creado": "2025-11-25T21:04:05.853Z",
    "modificado": "2025-11-25T21:04:05.853Z",
    "foto": "animales/perrita2.jpg"
  }
},
{
  "model": "animales.animal",
  "pk": 21,
  "fields": {
    "nombre": "Blanca",
    "especie": "F",
    "sexo": "H",
    "descripcion": "Gata blanca pelo largo 6 a침os.",
    "fecha_nacimiento": "2019-05-03",
    "refugio": 2,
    "adoptado": false,
    "creado": "2025-11-26T11:00:09.147Z",
    "modificado": "2025-11-26T11:00:09.147Z",
    "foto": "animales/gato_blanco_3.jpg"
  }
},
{
  "model": "adoptantes.adoptante",
  "pk": 10,
  "fields": {
    "apellido": "Carc",
    "nombre": "Guille",
    "genero": "M",
    "dni": 34978099,
    "user": 13,
    "fecha_nacimiento": "1990-02-14",
    "domicilio": "Brown 916",
    "telefono": 29647778,
    "activo": true,
    "creado": "2025-11-25T19:03:36.862Z",
    "modificado": "2025-11-25T19:03:36.862Z"
  }
},
{
  "model": "adoptantes.adoptante",
  "pk": 11,
  "fields": {
    "apellido": "Alvarez",
    "nombre": "Tamara",
    "genero": "F",
    "dni": 35631306,
    "user": 14,
    "fecha_nacimiento": "1991-02-23",
    "domicilio": "Belgrano 666",
    "telefono": 2964448874,
    "activo": true,
    "creado": "2025-11-25T19:19:14.872Z",
    "modificado": "2025-11-25T19:19:14.872Z"
  }
},
{
  "model": "adoptantes.adoptante",
  "pk": 12,
  "fields": {
    "apellido": "Winchester",
    "nombre": "Dean",
    "genero": "M",
    "dni": 11222333,
    "user": 15,
    "fecha_nacimiento": "1985-03-22",
    "domicilio": "Supernatural 22",
    "telefono": 296477774,
    "activo": true,
    "creado": "2025-11-25T20:24:41.913Z",
    "modificado": "2025-11-25T20:24:41.913Z"
  }
},
{
  "model": "adoptantes.adoptante",
  "pk": 13,
  "fields": {
    "apellido": "Cooper",
    "nombre": "Sheldon",
    "genero": "O",
    "dni": 22333444,
    "user": 16,
    "fecha_nacimiento": "1980-02-17",
    "domicilio": "Brooklyn 111",
    "telefono": 29647778411,
    "activo": true,
    "creado": "2025-11-25T21:11:57.575Z",
    "modificado": "2025-11-25T21:11:57.575Z"
  }
},
{
  "model": "adoptantes.adoptante",
  "pk": 14,
  "fields": {
    "apellido": "Oyarzun",
    "nombre": "Yamil",
    "genero": "O",
    "dni": 33444555,
    "user": 17,
    "fecha_nacimiento": "1983-10-02",
    "domicilio": "Almafuerte 888",
    "telefono": 2964777884,
    "activo": false,
    "creado": "2025-11-25T21:15:37.259Z",
    "modificado": "2025-11-30T05:46:58.332Z"
  }
},
{
  "model": "adoptantes.adoptante",
  "pk": 15,
  "fields": {
    "apellido": "Snow",
    "nombre": "Jon",
    "genero": "M",
    "dni": 44555666,
    "user": 18,
    "fecha_nacimiento": "2002-02-02",
    "domicilio": "Winterfell 88",
    "telefono": 2964778899,
    "activo": true,
    "creado": "2025-11-30T05:44:22.513Z",
    "modificado": "2025-11-30T05:45:35.927Z"
  }
},
{
  "model": "adoptantes.adoptante",
  "pk": 16,
  "fields": {
    "apellido": "White",
    "nombre": "Walter",
    "genero": "M",
    "dni": 55666777,
    "user": 19,
    "fecha_nacimiento": "2001-01-01",
    "domicilio": "Albuquerque 555",
    "telefono": 29644411111,
    "activo": true,
    "creado": "2025-11-30T05:52:34.333Z",
    "modificado": "2025-11-30T05:52:34.333Z"
  }
},
{
  "model": "refugios.refugio",
  "pk": 1,
  "fields": {
    "nombre": "Patitas frias",
    "domicilio": "Calle 8 111",
    "telefono": 123444
  }
},
{
  "model": "refugios.refugio",
  "pk": 2,
  "fields": {
    "nombre": "Como Perros y Gatos",
    "domicilio": "San martin 888",
    "telefono": 66699852
  }
},
{
  "model": "refugios.refugio",
  "pk": 4,
  "fields": {
    "nombre": "Zoonosis",
    "domicilio": "25 de  mayo 9000",
    "telefono": 296466666
  }
},
{
  "model": "refugios.refugio",
  "pk": 5,
  "fields": {
    "nombre": "Narices Frias",
    "domicilio": "Tolhuin 5555",
    "telefono": 296488887
  }
},
{
  "model": "refugios.refugio",
  "pk": 6,
  "fields": {
    "nombre": "Paraiso Gatuno",
    "domicilio": "Gorriti 22",
    "telefono": 296499999
  }
},
{
  "model": "adopciones.adopcion",
  "pk": 34,
  "fields": {
    "animal": 13,
    "adoptante": 11,
    "fecha_adopcion": "2025-11-25",
    "estado": "aprobada"
  }
},
{
  "model": "adopciones.adopcion",
  "pk": 36,
  "fields": {
    "animal": 15,
    "adoptante": 11,
    "fecha_adopcion": "2025-11-25",
    "estado": "aprobada"
  }
},
{
  "model": "adopciones.adopcion",
  "pk": 38,
  "fields": {
    "animal": 9,
    "adoptante": 12,
    "fecha_adopcion": "2025-11-25",
    "estado": "aprobada"
  }
},
{
  "model": "adopciones.adopcion",
  "pk": 41,
  "fields": {
    "animal": 5,
    "adoptante": 13,
    "fecha_adopcion": "2025-11-25",
    "estado": "aprobada"
  }
},
{
  "model": "adopciones.adopcion",
  "pk": 42,
  "fields": {
    "animal": 14,
    "adoptante": 14,
    "fecha_adopcion": "2025-11-25",
    "estado": "aprobada"
  }
},
{
  "model": "adopciones.adopcion",
  "pk": 44,
  "fields": {
    "animal": 7,
    "adoptante": 10,
    "fecha_adopcion": "2025-11-30",
    "estado": "pendiente"
  }
},
{
  "model": "adopciones.adopcion",
  "pk": 45,
  "fields": {
    "animal": 2,
    "adoptante": 16,
    "fecha_adopcion": "2025-11-30",
    "estado": "pendiente"
  }
},
{
  "model": "adopciones.adopcion",
  "pk": 46,
  "fields": {
    "animal": 8,
    "adoptante": 10,
    "fecha_adopcion": "2025-11-30",
    "estado": "aprobada"
  }
}
]
