[
{
  "model": "admin.logentry",
  "pk": 11,
  "fields": {
    "action_time": "2025-11-18T13:42:13.964Z",
    "user": 2,
    "content_type": 4,
    "object_id": "3",
    "object_repr": "hola",
    "action_flag": 2,
    "change_message": "[{\"changed\": {\"fields\": [\"Staff status\"]}}]"
  }
},
{
  "model": "admin.logentry",
  "pk": 12,
  "fields": {
    "action_time": "2025-11-18T13:48:43.517Z",
    "user": 2,
    "content_type": 4,
    "object_id": "3",
    "object_repr": "hola",
    "action_flag": 2,
    "change_message": "[{\"changed\": {\"fields\": [\"User permissions\"]}}]"
  }
},
{
  "model": "admin.logentry",
  "pk": 13,
  "fields": {
    "action_time": "2025-11-19T10:18:29.854Z",
    "user": 2,
    "content_type": 4,
    "object_id": "3",
    "object_repr": "hola",
    "action_flag": 2,
    "change_message": "[{\"changed\": {\"fields\": [\"User permissions\"]}}]"
  }
},
{
  "model": "admin.logentry",
  "pk": 14,
  "fields": {
    "action_time": "2025-11-20T01:14:47.927Z",
    "user": 2,
    "content_type": 9,
    "object_id": "1",
    "object_repr": "PRO admin, Tamara",
    "action_flag": 2,
    "change_message": "[{\"changed\": {\"fields\": [\"Apellido\", \"Dni\"]}}]"
  }
},
{
  "model": "admin.logentry",
  "pk": 15,
  "fields": {
    "action_time": "2025-11-20T01:15:23.638Z",
    "user": 2,
    "content_type": 4,
    "object_id": "2",
    "object_repr": "Tamy",
    "action_flag": 2,
    "change_message": "[{\"changed\": {\"fields\": [\"User permissions\"]}}]"
  }
},
{
  "model": "admin.logentry",
  "pk": 16,
  "fields": {
    "action_time": "2025-11-20T01:18:07.813Z",
    "user": 2,
    "content_type": 4,
    "object_id": "5",
    "object_repr": "soydios",
    "action_flag": 1,
    "change_message": "[{\"added\": {}}]"
  }
},
{
  "model": "admin.logentry",
  "pk": 17,
  "fields": {
    "action_time": "2025-11-20T01:59:46.552Z",
    "user": 2,
    "content_type": 4,
    "object_id": "4",
    "object_repr": "35631306",
    "action_flag": 2,
    "change_message": "[{\"changed\": {\"fields\": [\"Staff status\", \"Superuser status\"]}}]"
  }
},
{
  "model": "admin.logentry",
  "pk": 18,
  "fields": {
    "action_time": "2025-11-25T18:44:34.412Z",
    "user": 2,
    "content_type": 4,
    "object_id": "5",
    "object_repr": "soydios",
    "action_flag": 3,
    "change_message": ""
  }
},
{
  "model": "admin.logentry",
  "pk": 19,
  "fields": {
    "action_time": "2025-11-25T18:46:18.029Z",
    "user": 2,
    "content_type": 4,
    "object_id": "3",
    "object_repr": "hola",
    "action_flag": 3,
    "change_message": ""
  }
},
{
  "model": "admin.logentry",
  "pk": 20,
  "fields": {
    "action_time": "2025-11-25T18:48:34.278Z",
    "user": 2,
    "content_type": 4,
    "object_id": "1",
    "object_repr": "admin",
    "action_flag": 3,
    "change_message": ""
  }
},
{
  "model": "admin.logentry",
  "pk": 21,
  "fields": {
    "action_time": "2025-11-25T19:01:04.103Z",
    "user": 2,
    "content_type": 4,
    "object_id": "8",
    "object_repr": "14313488",
    "action_flag": 3,
    "change_message": ""
  }
},
{
  "model": "admin.logentry",
  "pk": 22,
  "fields": {
    "action_time": "2025-11-25T19:01:04.103Z",
    "user": 2,
    "content_type": 4,
    "object_id": "6",
    "object_repr": "22333444",
    "action_flag": 3,
    "change_message": ""
  }
},
{
  "model": "admin.logentry",
  "pk": 23,
  "fields": {
    "action_time": "2025-11-25T19:01:04.103Z",
    "user": 2,
    "content_type": 4,
    "object_id": "12",
    "object_repr": "23300400",
    "action_flag": 3,
    "change_message": ""
  }
},
{
  "model": "admin.logentry",
  "pk": 24,
  "fields": {
    "action_time": "2025-11-25T19:01:04.103Z",
    "user": 2,
    "content_type": 4,
    "object_id": "9",
    "object_repr": "34978099",
    "action_flag": 3,
    "change_message": ""
  }
},
{
  "model": "admin.logentry",
  "pk": 25,
  "fields": {
    "action_time": "2025-11-25T19:01:04.103Z",
    "user": 2,
    "content_type": 4,
    "object_id": "4",
    "object_repr": "35631306",
    "action_flag": 3,
    "change_message": ""
  }
},
{
  "model": "admin.logentry",
  "pk": 26,
  "fields": {
    "action_time": "2025-11-25T19:01:04.103Z",
    "user": 2,
    "content_type": 4,
    "object_id": "7",
    "object_repr": "99888777",
    "action_flag": 3,
    "change_message": ""
  }
},
{
  "model": "admin.logentry",
  "pk": 27,
  "fields": {
    "action_time": "2025-11-25T19:17:04.821Z",
    "user": 2,
    "content_type": 9,
    "object_id": "3",
    "object_repr": "Alvarado, Eduardo",
    "action_flag": 3,
    "change_message": ""
  }
},
{
  "model": "admin.logentry",
  "pk": 28,
  "fields": {
    "action_time": "2025-11-25T19:17:04.821Z",
    "user": 2,
    "content_type": 9,
    "object_id": "7",
    "object_repr": "Alvarez, Eduardo",
    "action_flag": 3,
    "change_message": ""
  }
},
{
  "model": "admin.logentry",
  "pk": 29,
  "fields": {
    "action_time": "2025-11-25T19:17:04.821Z",
    "user": 2,
    "content_type": 9,
    "object_id": "5",
    "object_repr": "Cooper, Sheldon",
    "action_flag": 3,
    "change_message": ""
  }
},
{
  "model": "admin.logentry",
  "pk": 30,
  "fields": {
    "action_time": "2025-11-25T19:17:04.821Z",
    "user": 2,
    "content_type": 9,
    "object_id": "1",
    "object_repr": "PRO admin, Tamara",
    "action_flag": 3,
    "change_message": ""
  }
},
{
  "model": "admin.logentry",
  "pk": 31,
  "fields": {
    "action_time": "2025-11-25T19:17:04.821Z",
    "user": 2,
    "content_type": 9,
    "object_id": "6",
    "object_repr": "Winchester, Dean",
    "action_flag": 3,
    "change_message": ""
  }
},
{
  "model": "admin.logentry",
  "pk": 32,
  "fields": {
    "action_time": "2025-11-25T19:17:25.141Z",
    "user": 2,
    "content_type": 4,
    "object_id": "11",
    "object_repr": "12100200",
    "action_flag": 3,
    "change_message": ""
  }
},
{
  "model": "admin.logentry",
  "pk": 33,
  "fields": {
    "action_time": "2025-11-25T19:17:25.141Z",
    "user": 2,
    "content_type": 4,
    "object_id": "10",
    "object_repr": "92519437",
    "action_flag": 3,
    "change_message": ""
  }
},
{
  "model": "admin.logentry",
  "pk": 34,
  "fields": {
    "action_time": "2025-11-25T19:45:53.750Z",
    "user": 2,
    "content_type": 4,
    "object_id": "14",
    "object_repr": "35631306",
    "action_flag": 2,
    "change_message": "[{\"changed\": {\"fields\": [\"Staff status\", \"Superuser status\"]}}]"
  }
},
{
  "model": "admin.logentry",
  "pk": 35,
  "fields": {
    "action_time": "2025-11-30T05:46:30.426Z",
    "user": 2,
    "content_type": 9,
    "object_id": "14",
    "object_repr": "Oyarzun, Yamil",
    "action_flag": 2,
    "change_message": "[{\"changed\": {\"fields\": [\"User\"]}}]"
  }
},
{
  "model": "admin.logentry",
  "pk": 36,
  "fields": {
    "action_time": "2025-11-30T05:55:34.609Z",
    "user": 2,
    "content_type": 3,
    "object_id": "1",
    "object_repr": "Adoptantes",
    "action_flag": 1,
    "change_message": "[{\"added\": {}}]"
  }
},
{
  "model": "admin.logentry",
  "pk": 37,
  "fields": {
    "action_time": "2025-11-30T05:55:40.110Z",
    "user": 2,
    "content_type": 3,
    "object_id": "2",
    "object_repr": "Adopciones",
    "action_flag": 1,
    "change_message": "[{\"added\": {}}]"
  }
},
{
  "model": "admin.logentry",
  "pk": 38,
  "fields": {
    "action_time": "2025-11-30T05:55:47.809Z",
    "user": 2,
    "content_type": 3,
    "object_id": "3",
    "object_repr": "Refugios",
    "action_flag": 1,
    "change_message": "[{\"added\": {}}]"
  }
},
{
  "model": "admin.logentry",
  "pk": 39,
  "fields": {
    "action_time": "2025-11-30T05:56:03.991Z",
    "user": 2,
    "content_type": 3,
    "object_id": "4",
    "object_repr": "Grupos",
    "action_flag": 1,
    "change_message": "[{\"added\": {}}]"
  }
},
{
  "model": "admin.logentry",
  "pk": 40,
  "fields": {
    "action_time": "2025-11-30T05:56:07.916Z",
    "user": 2,
    "content_type": 3,
    "object_id": "5",
    "object_repr": "Permisos",
    "action_flag": 1,
    "change_message": "[{\"added\": {}}]"
  }
},
{
  "model": "admin.logentry",
  "pk": 41,
  "fields": {
    "action_time": "2025-11-30T05:56:35.929Z",
    "user": 2,
    "content_type": 3,
    "object_id": "6",
    "object_repr": "Administracion",
    "action_flag": 1,
    "change_message": "[{\"added\": {}}]"
  }
},
{
  "model": "admin.logentry",
  "pk": 42,
  "fields": {
    "action_time": "2025-11-30T05:56:58.714Z",
    "user": 2,
    "content_type": 3,
    "object_id": "2",
    "object_repr": "Adopciones",
    "action_flag": 2,
    "change_message": "[{\"changed\": {\"fields\": [\"Permissions\"]}}]"
  }
},
{
  "model": "admin.logentry",
  "pk": 43,
  "fields": {
    "action_time": "2025-11-30T05:57:16.340Z",
    "user": 2,
    "content_type": 3,
    "object_id": "1",
    "object_repr": "Adoptantes",
    "action_flag": 2,
    "change_message": "[{\"changed\": {\"fields\": [\"Permissions\"]}}]"
  }
},
{
  "model": "admin.logentry",
  "pk": 44,
  "fields": {
    "action_time": "2025-11-30T05:57:26.284Z",
    "user": 2,
    "content_type": 3,
    "object_id": "2",
    "object_repr": "Adopciones",
    "action_flag": 2,
    "change_message": "[]"
  }
},
{
  "model": "admin.logentry",
  "pk": 45,
  "fields": {
    "action_time": "2025-11-30T05:57:50.279Z",
    "user": 2,
    "content_type": 3,
    "object_id": "4",
    "object_repr": "Grupos",
    "action_flag": 2,
    "change_message": "[{\"changed\": {\"fields\": [\"Permissions\"]}}]"
  }
},
{
  "model": "admin.logentry",
  "pk": 46,
  "fields": {
    "action_time": "2025-11-30T05:58:06.077Z",
    "user": 2,
    "content_type": 3,
    "object_id": "3",
    "object_repr": "Refugios",
    "action_flag": 2,
    "change_message": "[{\"changed\": {\"fields\": [\"Permissions\"]}}]"
  }
},
{
  "model": "admin.logentry",
  "pk": 47,
  "fields": {
    "action_time": "2025-11-30T05:58:50.972Z",
    "user": 2,
    "content_type": 3,
    "object_id": "5",
    "object_repr": "Permisos",
    "action_flag": 2,
    "change_message": "[{\"changed\": {\"fields\": [\"Permissions\"]}}]"
  }
},
{
  "model": "admin.logentry",
  "pk": 48,
  "fields": {
    "action_time": "2025-11-30T05:59:50.437Z",
    "user": 2,
    "content_type": 4,
    "object_id": "13",
    "object_repr": "34978099",
    "action_flag": 2,
    "change_message": "[{\"changed\": {\"fields\": [\"Groups\"]}}]"
  }
},
{
  "model": "admin.logentry",
  "pk": 49,
  "fields": {
    "action_time": "2025-11-30T06:00:24.300Z",
    "user": 2,
    "content_type": 3,
    "object_id": "7",
    "object_repr": "Animales",
    "action_flag": 1,
    "change_message": "[{\"added\": {}}]"
  }
},
{
  "model": "admin.logentry",
  "pk": 50,
  "fields": {
    "action_time": "2025-11-30T06:01:03.331Z",
    "user": 2,
    "content_type": 4,
    "object_id": "13",
    "object_repr": "34978099",
    "action_flag": 2,
    "change_message": "[{\"changed\": {\"fields\": [\"Groups\"]}}]"
  }
},
{
  "model": "admin.logentry",
  "pk": 51,
  "fields": {
    "action_time": "2025-11-30T06:02:45.726Z",
    "user": 2,
    "content_type": 3,
    "object_id": "1",
    "object_repr": "Adoptantes",
    "action_flag": 2,
    "change_message": "[{\"changed\": {\"fields\": [\"Permissions\"]}}]"
  }
},
{
  "model": "admin.logentry",
  "pk": 52,
  "fields": {
    "action_time": "2025-11-30T06:04:18.383Z",
    "user": 2,
    "content_type": 3,
    "object_id": "8",
    "object_repr": "Users",
    "action_flag": 1,
    "change_message": "[{\"added\": {}}]"
  }
},
{
  "model": "admin.logentry",
  "pk": 53,
  "fields": {
    "action_time": "2025-11-30T06:04:34.497Z",
    "user": 2,
    "content_type": 3,
    "object_id": "8",
    "object_repr": "Users",
    "action_flag": 2,
    "change_message": "[{\"changed\": {\"fields\": [\"Permissions\"]}}]"
  }
},
{
  "model": "admin.logentry",
  "pk": 54,
  "fields": {
    "action_time": "2025-11-30T06:04:50.571Z",
    "user": 2,
    "content_type": 4,
    "object_id": "13",
    "object_repr": "34978099",
    "action_flag": 2,
    "change_message": "[{\"changed\": {\"fields\": [\"Groups\"]}}]"
  }
},
{
  "model": "auth.permission",
  "pk": 1,
  "fields": {
    "name": "Can add log entry",
    "content_type": 1,
    "codename": "add_logentry"
  }
},
{
  "model": "auth.permission",
  "pk": 2,
  "fields": {
    "name": "Can change log entry",
    "content_type": 1,
    "codename": "change_logentry"
  }
},
{
  "model": "auth.permission",
  "pk": 3,
  "fields": {
    "name": "Can delete log entry",
    "content_type": 1,
    "codename": "delete_logentry"
  }
},
{
  "model": "auth.permission",
  "pk": 4,
  "fields": {
    "name": "Can view log entry",
    "content_type": 1,
    "codename": "view_logentry"
  }
},
{
  "model": "auth.permission",
  "pk": 5,
  "fields": {
    "name": "Can add permission",
    "content_type": 2,
    "codename": "add_permission"
  }
},
{
  "model": "auth.permission",
  "pk": 6,
  "fields": {
    "name": "Can change permission",
    "content_type": 2,
    "codename": "change_permission"
  }
},
{
  "model": "auth.permission",
  "pk": 7,
  "fields": {
    "name": "Can delete permission",
    "content_type": 2,
    "codename": "delete_permission"
  }
},
{
  "model": "auth.permission",
  "pk": 8,
  "fields": {
    "name": "Can view permission",
    "content_type": 2,
    "codename": "view_permission"
  }
},
{
  "model": "auth.permission",
  "pk": 9,
  "fields": {
    "name": "Can add group",
    "content_type": 3,
    "codename": "add_group"
  }
},
{
  "model": "auth.permission",
  "pk": 10,
  "fields": {
    "name": "Can change group",
    "content_type": 3,
    "codename": "change_group"
  }
},
{
  "model": "auth.permission",
  "pk": 11,
  "fields": {
    "name": "Can delete group",
    "content_type": 3,
    "codename": "delete_group"
  }
},
{
  "model": "auth.permission",
  "pk": 12,
  "fields": {
    "name": "Can view group",
    "content_type": 3,
    "codename": "view_group"
  }
},
{
  "model": "auth.permission",
  "pk": 13,
  "fields": {
    "name": "Can add user",
    "content_type": 4,
    "codename": "add_user"
  }
},
{
  "model": "auth.permission",
  "pk": 14,
  "fields": {
    "name": "Can change user",
    "content_type": 4,
    "codename": "change_user"
  }
},
{
  "model": "auth.permission",
  "pk": 15,
  "fields": {
    "name": "Can delete user",
    "content_type": 4,
    "codename": "delete_user"
  }
},
{
  "model": "auth.permission",
  "pk": 16,
  "fields": {
    "name": "Can view user",
    "content_type": 4,
    "codename": "view_user"
  }
},
{
  "model": "auth.permission",
  "pk": 17,
  "fields": {
    "name": "Can add content type",
    "content_type": 5,
    "codename": "add_contenttype"
  }
},
{
  "model": "auth.permission",
  "pk": 18,
  "fields": {
    "name": "Can change content type",
    "content_type": 5,
    "codename": "change_contenttype"
  }
},
{
  "model": "auth.permission",
  "pk": 19,
  "fields": {
    "name": "Can delete content type",
    "content_type": 5,
    "codename": "delete_contenttype"
  }
},
{
  "model": "auth.permission",
  "pk": 20,
  "fields": {
    "name": "Can view content type",
    "content_type": 5,
    "codename": "view_contenttype"
  }
},
{
  "model": "auth.permission",
  "pk": 21,
  "fields": {
    "name": "Can add session",
    "content_type": 6,
    "codename": "add_session"
  }
},
{
  "model": "auth.permission",
  "pk": 22,
  "fields": {
    "name": "Can change session",
    "content_type": 6,
    "codename": "change_session"
  }
},
{
  "model": "auth.permission",
  "pk": 23,
  "fields": {
    "name": "Can delete session",
    "content_type": 6,
    "codename": "delete_session"
  }
},
{
  "model": "auth.permission",
  "pk": 24,
  "fields": {
    "name": "Can view session",
    "content_type": 6,
    "codename": "view_session"
  }
},
{
  "model": "auth.permission",
  "pk": 25,
  "fields": {
    "name": "Can add animal",
    "content_type": 7,
    "codename": "add_animal"
  }
},
{
  "model": "auth.permission",
  "pk": 26,
  "fields": {
    "name": "Can change animal",
    "content_type": 7,
    "codename": "change_animal"
  }
},
{
  "model": "auth.permission",
  "pk": 27,
  "fields": {
    "name": "Can delete animal",
    "content_type": 7,
    "codename": "delete_animal"
  }
},
{
  "model": "auth.permission",
  "pk": 28,
  "fields": {
    "name": "Can view animal",
    "content_type": 7,
    "codename": "view_animal"
  }
},
{
  "model": "auth.permission",
  "pk": 29,
  "fields": {
    "name": "Can add adoptante",
    "content_type": 9,
    "codename": "add_adoptante"
  }
},
{
  "model": "auth.permission",
  "pk": 30,
  "fields": {
    "name": "Can change adoptante",
    "content_type": 9,
    "codename": "change_adoptante"
  }
},
{
  "model": "auth.permission",
  "pk": 31,
  "fields": {
    "name": "Can delete adoptante",
    "content_type": 9,
    "codename": "delete_adoptante"
  }
},
{
  "model": "auth.permission",
  "pk": 32,
  "fields": {
    "name": "Can view adoptante",
    "content_type": 9,
    "codename": "view_adoptante"
  }
},
{
  "model": "auth.permission",
  "pk": 33,
  "fields": {
    "name": "Can add refugio",
    "content_type": 8,
    "codename": "add_refugio"
  }
},
{
  "model": "auth.permission",
  "pk": 34,
  "fields": {
    "name": "Can change refugio",
    "content_type": 8,
    "codename": "change_refugio"
  }
},
{
  "model": "auth.permission",
  "pk": 35,
  "fields": {
    "name": "Can delete refugio",
    "content_type": 8,
    "codename": "delete_refugio"
  }
},
{
  "model": "auth.permission",
  "pk": 36,
  "fields": {
    "name": "Can view refugio",
    "content_type": 8,
    "codename": "view_refugio"
  }
},
{
  "model": "auth.permission",
  "pk": 37,
  "fields": {
    "name": "Can add adopcion",
    "content_type": 10,
    "codename": "add_adopcion"
  }
},
{
  "model": "auth.permission",
  "pk": 38,
  "fields": {
    "name": "Can change adopcion",
    "content_type": 10,
    "codename": "change_adopcion"
  }
},
{
  "model": "auth.permission",
  "pk": 39,
  "fields": {
    "name": "Can delete adopcion",
    "content_type": 10,
    "codename": "delete_adopcion"
  }
},
{
  "model": "auth.permission",
  "pk": 40,
  "fields": {
    "name": "Can view adopcion",
    "content_type": 10,
    "codename": "view_adopcion"
  }
},
{
  "model": "auth.group",
  "pk": 1,
  "fields": {
    "name": "Adoptantes",
    "permissions": [
      29,
      30,
      31,
      32
    ]
  }
},
{
  "model": "auth.group",
  "pk": 2,
  "fields": {
    "name": "Adopciones",
    "permissions": [
      37,
      38,
      39,
      40
    ]
  }
},
{
  "model": "auth.group",
  "pk": 3,
  "fields": {
    "name": "Refugios",
    "permissions": [
      33,
      34,
      36
    ]
  }
},
{
  "model": "auth.group",
  "pk": 4,
  "fields": {
    "name": "Grupos",
    "permissions": [
      9,
      10,
      11,
      12
    ]
  }
},
{
  "model": "auth.group",
  "pk": 5,
  "fields": {
    "name": "Permisos",
    "permissions": [
      9,
      10,
      11,
      12,
      5,
      6,
      7,
      8,
      13,
      14,
      15,
      16
    ]
  }
},
{
  "model": "auth.group",
  "pk": 6,
  "fields": {
    "name": "Administracion",
    "permissions": []
  }
},
{
  "model": "auth.group",
  "pk": 7,
  "fields": {
    "name": "Animales",
    "permissions": [
      25,
      26,
      27,
      28
    ]
  }
},
{
  "model": "auth.group",
  "pk": 8,
  "fields": {
    "name": "Users",
    "permissions": [
      13,
      14,
      15,
      16
    ]
  }
},
{
  "model": "auth.user",
  "pk": 2,
  "fields": {
    "password": "pbkdf2_sha256$1000000$pxmCh6Jo0twf9MS38m19lN$pmRP07pk5N2B2AXkqh2bHEHQ0oxOHaT9ep8RxOPjbWI=",
    "last_login": "2025-11-30T06:04:53.913Z",
    "is_superuser": true,
    "username": "Tamy",
    "first_name": "",
    "last_name": "",
    "email": "",
    "is_staff": true,
    "is_active": true,
    "date_joined": "2025-11-18T12:47:01Z",
    "groups": [],
    "user_permissions": [
      30
    ]
  }
},
{
  "model": "auth.user",
  "pk": 13,
  "fields": {
    "password": "pbkdf2_sha256$1000000$UCvGZrGltyYEMeeCYcWyp3$112bPYDaXNGLxvdtgJYDFAzgPBobHdaaQy7jAl+X1/w=",
    "last_login": "2025-11-30T17:41:23.670Z",
    "is_superuser": false,
    "username": "34978099",
    "first_name": "Guille",
    "last_name": "Carc",
    "email": "guille@guille.com",
    "is_staff": false,
    "is_active": true,
    "date_joined": "2025-11-25T19:03:36Z",
    "groups": [
      1,
      2,
      3,
      7,
      8
    ],
    "user_permissions": []
  }
},
{
  "model": "auth.user",
  "pk": 14,
  "fields": {
    "password": "pbkdf2_sha256$1000000$Iodq4KnuJjT8FJCYRkweSi$lp5GJiLsjr1BIrW42Gqjkmf6vamcp1TQ4E+c64tUqmw=",
    "last_login": "2025-11-30T06:18:20.518Z",
    "is_superuser": true,
    "username": "35631306",
    "first_name": "Tamara",
    "last_name": "Alvarez",
    "email": "tamy@gmail.com",
    "is_staff": true,
    "is_active": true,
    "date_joined": "2025-11-25T19:19:13Z",
    "groups": [],
    "user_permissions": []
  }
},
{
  "model": "auth.user",
  "pk": 15,
  "fields": {
    "password": "pbkdf2_sha256$1000000$K3vsyX32C7IbnJmiBY4bAs$vyx1m+0OGZKVMkzFOLuYegbU1IxivqC5iYxGKjJRmu4=",
    "last_login": "2025-11-25T20:25:10.867Z",
    "is_superuser": false,
    "username": "11222333",
    "first_name": "Dean",
    "last_name": "Winchester",
    "email": "dean@winchester.com",
    "is_staff": false,
    "is_active": true,
    "date_joined": "2025-11-25T20:24:40.740Z",
    "groups": [],
    "user_permissions": []
  }
},
{
  "model": "auth.user",
  "pk": 16,
  "fields": {
    "password": "pbkdf2_sha256$1000000$vrXjDyH8KYpVpT4J3bLr60$kjEfJdxEHFseQumtaXzBkZma15tkkExcT994TDIKdI4=",
    "last_login": "2025-11-25T21:12:37.283Z",
    "is_superuser": false,
    "username": "22333444",
    "first_name": "Sheldon",
    "last_name": "Cooper",
    "email": "sheldon@tbbt.com",
    "is_staff": false,
    "is_active": true,
    "date_joined": "2025-11-25T21:11:57.025Z",
    "groups": [],
    "user_permissions": []
  }
},
{
  "model": "auth.user",
  "pk": 17,
  "fields": {
    "password": "pbkdf2_sha256$1000000$ErIblSB9Zfe6wGazJvB8Lx$+GJWiwLzH9rKcHNCX89sJ+1hNhLroqbj0TSI3CtrV6c=",
    "last_login": "2025-11-25T21:15:58.812Z",
    "is_superuser": false,
    "username": "33444555",
    "first_name": "Yamil",
    "last_name": "Oyarzun",
    "email": "pelita@pelon.com",
    "is_staff": false,
    "is_active": true,
    "date_joined": "2025-11-25T21:15:36.051Z",
    "groups": [],
    "user_permissions": []
  }
},
{
  "model": "auth.user",
  "pk": 18,
  "fields": {
    "password": "pbkdf2_sha256$1000000$54UVDpZPy4CRGRxgE2003Z$3v81GN5J4IPFY/3GSk9Jll6wbpWB4h7r8x5OXXsVX0k=",
    "last_login": "2025-11-30T05:44:38.354Z",
    "is_superuser": false,
    "username": "44555666",
    "first_name": "Jon",
    "last_name": "Snow",
    "email": "jonsnow@winter.com",
    "is_staff": false,
    "is_active": true,
    "date_joined": "2025-11-30T05:44:21.340Z",
    "groups": [],
    "user_permissions": []
  }
},
{
  "model": "auth.user",
  "pk": 19,
  "fields": {
    "password": "pbkdf2_sha256$1000000$cuo63qkFP2l8uYEbb3YeTH$XzB3W+znTOeNJdIM8QGpdMQcp6BM8WngaqnJxcY/yes=",
    "last_login": "2025-11-30T05:52:52.510Z",
    "is_superuser": false,
    "username": "55666777",
    "first_name": "Walter",
    "last_name": "White",
    "email": "heisenberg@meta.com",
    "is_staff": false,
    "is_active": true,
    "date_joined": "2025-11-30T05:52:33.149Z",
    "groups": [],
    "user_permissions": []
  }
},
{
  "model": "auth.user",
  "pk": 20,
  "fields": {
    "password": "pbkdf2_sha256$1000000$EaakKADzhelrYJtK5p910v$fSuPi16iFdfTwMFV7GECOJg00kzlQGmJPhWuxcExqLI=",
    "last_login": null,
    "is_superuser": true,
    "username": "arya",
    "first_name": "",
    "last_name": "",
    "email": "arya@hotmail.com",
    "is_staff": true,
    "is_active": true,
    "date_joined": "2025-11-30T21:44:09.062Z",
    "groups": [],
    "user_permissions": []
  }
},
{
  "model": "contenttypes.contenttype",
  "pk": 1,
  "fields": {
    "app_label": "admin",
    "model": "logentry"
  }
},
{
  "model": "contenttypes.contenttype",
  "pk": 2,
  "fields": {
    "app_label": "auth",
    "model": "permission"
  }
},
{
  "model": "contenttypes.contenttype",
  "pk": 3,
  "fields": {
    "app_label": "auth",
    "model": "group"
  }
},
{
  "model": "contenttypes.contenttype",
  "pk": 4,
  "fields": {
    "app_label": "auth",
    "model": "user"
  }
},
{
  "model": "contenttypes.contenttype",
  "pk": 5,
  "fields": {
    "app_label": "contenttypes",
    "model": "contenttype"
  }
},
{
  "model": "contenttypes.contenttype",
  "pk": 6,
  "fields": {
    "app_label": "sessions",
    "model": "session"
  }
},
{
  "model": "contenttypes.contenttype",
  "pk": 7,
  "fields": {
    "app_label": "animales",
    "model": "animal"
  }
},
{
  "model": "contenttypes.contenttype",
  "pk": 8,
  "fields": {
    "app_label": "refugios",
    "model": "refugio"
  }
},
{
  "model": "contenttypes.contenttype",
  "pk": 9,
  "fields": {
    "app_label": "adoptantes",
    "model": "adoptante"
  }
},
{
  "model": "contenttypes.contenttype",
  "pk": 10,
  "fields": {
    "app_label": "adopciones",
    "model": "adopcion"
  }
},
{
  "model": "sessions.session",
  "pk": "6hef7jm1ql3tj54juvhthqkh9pl5t6cp",
  "fields": {
    "session_data": ".eJxVjDsOwjAQBe_iGlk2Wf8o6XMGy-td4wBypDipEHeHSCmgfTPzXiKmba1x67zEicRFaBCn3xFTfnDbCd1Tu80yz21dJpS7Ig_a5TgTP6-H-3dQU6_f2qDLHksh0ufg0NqsWQVQxjr2hD5gASYCGkBb5xIUrwux4oGz0ZDE-wMkgDjY:1vOkEW:GB2qex1Sm4HK3wc6YlLnvJn00fEVnhCXEDPSeVedTb8",
    "expire_date": "2025-12-11T22:13:00.957Z"
  }
},
{
  "model": "sessions.session",
  "pk": "8rsqkyor5dzi3pdxul9843o29x00ju5e",
  "fields": {
    "session_data": ".eJxVjDsOwjAQBe_iGlk2Wf8o6XMGy-td4wBypDipEHeHSCmgfTPzXiKmba1x67zEicRFaBCn3xFTfnDbCd1Tu80yz21dJpS7Ig_a5TgTP6-H-3dQU6_f2qDLHksh0ufg0NqsWQVQxjr2hD5gASYCGkBb5xIUrwux4oGz0ZDE-wMkgDjY:1vOJf6:IgomlIvt_b_w-UH8gx4oLWe-PlMVe_aKfxKirAq7Dy0",
    "expire_date": "2025-12-10T17:50:40.803Z"
  }
},
{
  "model": "sessions.session",
  "pk": "fost2xwlwcs39i0gh4vad2xhiftb4avo",
  "fields": {
    "session_data": ".eJxVjMsOwiAQRf-FtSFDkce4dO83NAMMUjWQlHZl_HdD0oVu7znnvsVM-1bmvfM6L0lchBKn3y1QfHIdID2o3puMrW7rEuRQ5EG7vLXEr-vh_h0U6mXUyTmjgkPrSGdjzwYn8kSMOYKmCWzygEgMnkArAMVZZY2oSDOzFp8v1yk3nw:1vIYmR:KlZOhytSl2_p9xvYlSyUZVNZ0O3IVjAu4enMmAvj0AU",
    "expire_date": "2025-11-24T20:46:27.997Z"
  }
},
{
  "model": "animales.animal",
  "pk": 2,
  "fields": {
    "nombre": "Luna",
    "especie": "F",
    "sexo": "H",
    "descripcion": "La negrita peluda mas hermosa del universo",
    "fecha_nacimiento": "2018-03-20",
    "refugio": 1,
    "adoptado": false,
    "creado": "2025-11-10T23:59:59.078Z",
    "modificado": "2025-11-25T21:06:02.058Z",
    "foto": "animales/IMG_20220105_162539243.jpg"
  }
},
{
  "model": "animales.animal",
  "pk": 3,
  "fields": {
    "nombre": "Jacinto",
    "especie": "F",
    "sexo": "M",
    "descripcion": "Gato negro con blanco",
    "fecha_nacimiento": "2020-02-22",
    "refugio": 1,
    "adoptado": false,
    "creado": "2025-11-17T23:06:49.118Z",
    "modificado": "2025-11-25T21:06:24.696Z",
    "foto": "animales/jaci.jpg"
  }
},
{
  "model": "animales.animal",
  "pk": 4,
  "fields": {
    "nombre": "Akira",
    "especie": "F",
    "sexo": "H",
    "descripcion": "Gatita Tricolor, super limpia, no esta en adopción. Le gusta posar como esfinge :B",
    "fecha_nacimiento": "2017-07-15",
    "refugio": 2,
    "adoptado": false,
    "creado": "2025-11-17T23:12:29.210Z",
    "modificado": "2025-11-25T21:04:54.839Z",
    "foto": "animales/IMG_20220204_110024262_HDR.jpg"
  }
},
{
  "model": "animales.animal",
  "pk": 5,
  "fields": {
    "nombre": "Arya bebe",
    "especie": "F",
    "sexo": "H",
    "descripcion": "Arya bebe2",
    "fecha_nacimiento": "2011-11-11",
    "refugio": 2,
    "adoptado": true,
    "creado": "2025-11-17T23:24:06.462Z",
    "modificado": "2025-11-25T21:05:45.947Z",
    "foto": "animales/IMG_20220106_023541264.jpg"
  }
},
{
  "model": "animales.animal",
  "pk": 7,
  "fields": {
    "nombre": "Chester",
    "especie": "F",
    "sexo": "M",
    "descripcion": "Gato Rubio gordito precioso",
    "fecha_nacimiento": "2017-06-17",
    "refugio": 2,
    "adoptado": false,
    "creado": "2025-11-17T23:38:29.665Z",
    "modificado": "2025-11-25T21:06:40.786Z",
    "foto": "animales/IMG_20220519_012151648.jpg"
  }
},
{
  "model": "animales.animal",
  "pk": 8,
  "fields": {
    "nombre": "Mylo / Antonio",
    "especie": "F",
    "sexo": "M",
    "descripcion": "Gatito negrito muy mimoso",
    "fecha_nacimiento": "2021-03-02",
    "refugio": 1,
    "adoptado": true,
    "creado": "2025-11-17T23:39:11.982Z",
    "modificado": "2025-11-25T21:06:34.007Z",
    "foto": "animales/IMG_20220323_013608117.jpg"
  }
},
{
  "model": "animales.animal",
  "pk": 9,
  "fields": {
    "nombre": "Mike",
    "especie": "C",
    "sexo": "M",
    "descripcion": "Perro mestizo bla",
    "fecha_nacimiento": "2020-01-21",
    "refugio": 2,
    "adoptado": true,
    "creado": "2025-11-18T10:49:09.439Z",
    "modificado": "2025-11-18T10:49:09.439Z",
    "foto": "animales/perro1.png"
  }
},
{
  "model": "animales.animal",
  "pk": 10,
  "fields": {
    "nombre": "Patrokio",
    "especie": "C",
    "sexo": "H",
    "descripcion": "Perro lindo rubio",
    "fecha_nacimiento": "2023-02-20",
    "refugio": 2,
    "adoptado": false,
    "creado": "2025-11-18T10:50:01.537Z",
    "modificado": "2025-11-25T21:06:50.266Z",
    "foto": "animales/perro2.png"
  }
},
{
  "model": "animales.animal",
  "pk": 12,
  "fields": {
    "nombre": "Toby",
    "especie": "C",
    "sexo": "M",
    "descripcion": "Perro blanco y negro, pelo largo, no se la raza.",
    "fecha_nacimiento": "2023-05-22",
    "refugio": 4,
    "adoptado": false,
    "creado": "2025-11-20T11:05:24.594Z",
    "modificado": "2025-11-25T21:06:11.468Z",
    "foto": "animales/perro3_xPg0gr1.png"
  }
},
{
  "model": "animales.animal",
  "pk": 13,
  "fields": {
    "nombre": "Chad",
    "especie": "C",
    "sexo": "M",
    "descripcion": "Perronasio",
    "fecha_nacimiento": "2020-11-20",
    "refugio": 2,
    "adoptado": true,
    "creado": "2025-11-20T11:23:54.890Z",
    "modificado": "2025-11-20T11:23:54.890Z",
    "foto": "animales/perro1_NwD5JXk.png"
  }
},
{
  "model": "animales.animal",
  "pk": 14,
  "fields": {
    "nombre": "Anivia",
    "especie": "A",
    "sexo": "H",
    "descripcion": "Canario amarillo",
    "fecha_nacimiento": "2025-03-03",
    "refugio": 5,
    "adoptado": true,
    "creado": "2025-11-22T23:33:46.969Z",
    "modificado": "2025-11-25T21:05:31.644Z",
    "foto": "animales/canario.jpeg"
  }
},
{
  "model": "animales.animal",
  "pk": 15,
  "fields": {
    "nombre": "Alfa",
    "especie": "R",
    "sexo": "H",
    "descripcion": "Alfa",
    "fecha_nacimiento": "2025-10-01",
    "refugio": 5,
    "adoptado": true,
    "creado": "2025-11-25T15:07:41.464Z",
    "modificado": "2025-11-25T15:07:41.464Z",
    "foto": "animales/hamster1.jpg"
  }
},
{
  "model": "animales.animal",
  "pk": 16,
  "fields": {
    "nombre": "Gordencia",
    "especie": "F",
    "sexo": "H",
    "descripcion": "Gordita 3 años blanca y negra.",
    "fecha_nacimiento": "2022-10-10",
    "refugio": 5,
    "adoptado": false,
    "creado": "2025-11-25T20:59:47.802Z",
    "modificado": "2025-11-25T20:59:47.802Z",
    "foto": "animales/gordencia.jpg"
  }
},
{
  "model": "animales.animal",
  "pk": 17,
  "fields": {
    "nombre": "Naranjoso",
    "especie": "F",
    "sexo": "M",
    "descripcion": "Gato naranjoso bebe 4 meses",
    "fecha_nacimiento": "2025-07-26",
    "refugio": 5,
    "adoptado": false,
    "creado": "2025-11-25T21:00:37.248Z",
    "modificado": "2025-11-25T21:00:37.248Z",
    "foto": "animales/naranjoso.jpg"
  }
},
{
  "model": "animales.animal",
  "pk": 18,
  "fields": {
    "nombre": "Naranjosa",
    "especie": "F",
    "sexo": "H",
    "descripcion": "Gata naranja 3 años",
    "fecha_nacimiento": "2022-03-03",
    "refugio": 2,
    "adoptado": false,
    "creado": "2025-11-25T21:01:40.599Z",
    "modificado": "2025-11-25T21:01:40.599Z",
    "foto": "animales/naranjosa.jpg"
  }
},
{
  "model": "animales.animal",
  "pk": 19,
  "fields": {
    "nombre": "Emma",
    "especie": "C",
    "sexo": "H",
    "descripcion": "Perra cachorra mediana, va a crecer.",
    "fecha_nacimiento": "2025-08-25",
    "refugio": 4,
    "adoptado": false,
    "creado": "2025-11-25T21:03:11.754Z",
    "modificado": "2025-11-25T21:03:11.754Z",
    "foto": "animales/perrita.jpg"
  }
},
{
  "model": "animales.animal",
  "pk": 20,
  "fields": {
    "nombre": "Janna",
    "especie": "C",
    "sexo": "H",
    "descripcion": "Perra adulta mediana rubia.",
    "fecha_nacimiento": "2023-02-23",
    "refugio": 2,
    "adoptado": false,
    "creado": "2025-11-25T21:04:05.853Z",
    "modificado": "2025-11-25T21:04:05.853Z",
    "foto": "animales/perrita2.jpg"
  }
},
{
  "model": "animales.animal",
  "pk": 21,
  "fields": {
    "nombre": "Blanca",
    "especie": "F",
    "sexo": "H",
    "descripcion": "Gata blanca pelo largo 6 años.",
    "fecha_nacimiento": "2019-05-03",
    "refugio": 2,
    "adoptado": false,
    "creado": "2025-11-26T11:00:09.147Z",
    "modificado": "2025-11-26T11:00:09.147Z",
    "foto": "animales/gato_blanco_3.jpg"
  }
},
{
  "model": "adoptantes.adoptante",
  "pk": 10,
  "fields": {
    "apellido": "Carc",
    "nombre": "Guille",
    "genero": "M",
    "dni": 34978099,
    "user": 13,
    "fecha_nacimiento": "1990-02-14",
    "domicilio": "Brown 916",
    "telefono": 29647778,
    "activo": true,
    "creado": "2025-11-25T19:03:36.862Z",
    "modificado": "2025-11-25T19:03:36.862Z"
  }
},
{
  "model": "adoptantes.adoptante",
  "pk": 11,
  "fields": {
    "apellido": "Alvarez",
    "nombre": "Tamara",
    "genero": "F",
    "dni": 35631306,
    "user": 14,
    "fecha_nacimiento": "1991-02-23",
    "domicilio": "Belgrano 666",
    "telefono": 2964448874,
    "activo": true,
    "creado": "2025-11-25T19:19:14.872Z",
    "modificado": "2025-11-25T19:19:14.872Z"
  }
},
{
  "model": "adoptantes.adoptante",
  "pk": 12,
  "fields": {
    "apellido": "Winchester",
    "nombre": "Dean",
    "genero": "M",
    "dni": 11222333,
    "user": 15,
    "fecha_nacimiento": "1985-03-22",
    "domicilio": "Supernatural 22",
    "telefono": 296477774,
    "activo": true,
    "creado": "2025-11-25T20:24:41.913Z",
    "modificado": "2025-11-25T20:24:41.913Z"
  }
},
{
  "model": "adoptantes.adoptante",
  "pk": 13,
  "fields": {
    "apellido": "Cooper",
    "nombre": "Sheldon",
    "genero": "O",
    "dni": 22333444,
    "user": 16,
    "fecha_nacimiento": "1980-02-17",
    "domicilio": "Brooklyn 111",
    "telefono": 29647778411,
    "activo": true,
    "creado": "2025-11-25T21:11:57.575Z",
    "modificado": "2025-11-25T21:11:57.575Z"
  }
},
{
  "model": "adoptantes.adoptante",
  "pk": 14,
  "fields": {
    "apellido": "Oyarzun",
    "nombre": "Yamil",
    "genero": "O",
    "dni": 33444555,
    "user": 17,
    "fecha_nacimiento": "1983-10-02",
    "domicilio": "Almafuerte 888",
    "telefono": 2964777884,
    "activo": false,
    "creado": "2025-11-25T21:15:37.259Z",
    "modificado": "2025-11-30T05:46:58.332Z"
  }
},
{
  "model": "adoptantes.adoptante",
  "pk": 15,
  "fields": {
    "apellido": "Snow",
    "nombre": "Jon",
    "genero": "M",
    "dni": 44555666,
    "user": 18,
    "fecha_nacimiento": "2002-02-02",
    "domicilio": "Winterfell 88",
    "telefono": 2964778899,
    "activo": true,
    "creado": "2025-11-30T05:44:22.513Z",
    "modificado": "2025-11-30T05:45:35.927Z"
  }
},
{
  "model": "adoptantes.adoptante",
  "pk": 16,
  "fields": {
    "apellido": "White",
    "nombre": "Walter",
    "genero": "M",
    "dni": 55666777,
    "user": 19,
    "fecha_nacimiento": "2001-01-01",
    "domicilio": "Albuquerque 555",
    "telefono": 29644411111,
    "activo": true,
    "creado": "2025-11-30T05:52:34.333Z",
    "modificado": "2025-11-30T05:52:34.333Z"
  }
},
{
  "model": "refugios.refugio",
  "pk": 1,
  "fields": {
    "nombre": "Patitas frias",
    "domicilio": "Calle 8 111",
    "telefono": 123444
  }
},
{
  "model": "refugios.refugio",
  "pk": 2,
  "fields": {
    "nombre": "Como Perros y Gatos",
    "domicilio": "San martin 888",
    "telefono": 66699852
  }
},
{
  "model": "refugios.refugio",
  "pk": 4,
  "fields": {
    "nombre": "Zoonosis",
    "domicilio": "25 de  mayo 9000",
    "telefono": 296466666
  }
},
{
  "model": "refugios.refugio",
  "pk": 5,
  "fields": {
    "nombre": "Narices Frias",
    "domicilio": "Tolhuin 5555",
    "telefono": 296488887
  }
},
{
  "model": "refugios.refugio",
  "pk": 6,
  "fields": {
    "nombre": "Paraiso Gatuno",
    "domicilio": "Gorriti 22",
    "telefono": 296499999
  }
},
{
  "model": "adopciones.adopcion",
  "pk": 34,
  "fields": {
    "animal": 13,
    "adoptante": 11,
    "fecha_adopcion": "2025-11-25",
    "estado": "aprobada"
  }
},
{
  "model": "adopciones.adopcion",
  "pk": 36,
  "fields": {
    "animal": 15,
    "adoptante": 11,
    "fecha_adopcion": "2025-11-25",
    "estado": "aprobada"
  }
},
{
  "model": "adopciones.adopcion",
  "pk": 38,
  "fields": {
    "animal": 9,
    "adoptante": 12,
    "fecha_adopcion": "2025-11-25",
    "estado": "aprobada"
  }
},
{
  "model": "adopciones.adopcion",
  "pk": 41,
  "fields": {
    "animal": 5,
    "adoptante": 13,
    "fecha_adopcion": "2025-11-25",
    "estado": "aprobada"
  }
},
{
  "model": "adopciones.adopcion",
  "pk": 42,
  "fields": {
    "animal": 14,
    "adoptante": 14,
    "fecha_adopcion": "2025-11-25",
    "estado": "aprobada"
  }
},
{
  "model": "adopciones.adopcion",
  "pk": 44,
  "fields": {
    "animal": 7,
    "adoptante": 10,
    "fecha_adopcion": "2025-11-30",
    "estado": "pendiente"
  }
},
{
  "model": "adopciones.adopcion",
  "pk": 45,
  "fields": {
    "animal": 2,
    "adoptante": 16,
    "fecha_adopcion": "2025-11-30",
    "estado": "pendiente"
  }
},
{
  "model": "adopciones.adopcion",
  "pk": 46,
  "fields": {
    "animal": 8,
    "adoptante": 10,
    "fecha_adopcion": "2025-11-30",
    "estado": "aprobada"
  }
}
]
